AMOUNT_PAID,BALANCE,DATE_PAID,DESCRIPTION,PAYEE,VENDOR_NUMBER,VOUCHER_NUMBER
20393,0,04/05/2021,Cleaning Services,Hartford Brothers,0,3988362
11733.34,0,10/05/2021,Cleaning Services,Hartford Brothers,0,3988111
10009.28,0,05/05/2021,Cleaning Services,Hartford Brothers,0,3988000
5482.64,0,08/05/2021,Cleaning Services,Hartford Brothers,0,3988777
1584.76,174.06,09/15/2021,3-1/2 Cu. Ft. Utility Mixer,Melissa and Daughters Inc.,82507300,3988711
1483.05,136.22,09/15/2021,Curb Chains,International Exchange Inc.,94215000,3988698
11482.95,184.8,10/30/2021,35-ton log splitter,Blossom Country Construction,11106100,3988805
1479.78,84.38,06/15/2021,Professional paint/pesticide respirator,Ross Company,93307300,3988493
1479.52,39.38,05/15/2021,Drop basket rack,Homemade Hardware,82976500,3988440
1474.02,82.83,10/05/2021,Smith and Wesson Wraparound glasses,McKinsey and Sons,10838400,3988783
1469.27,148.83,05/15/2021,Goldenrod fuel tank filter,Helamen Crates,97199600,3988448
1468.91,0.46,03/30/2021,"23,000 BTUs radiant kerosene heater",Ross Company,93307300,3988321
1466.1,96.37,04/15/2021,"15,000 lb. binder",Old Fashioned Hardware,10621500,3988353
1462.55,161.41,09/30/2021,Combination shoe puller/spreader,Nutritious Products,91053500,3988754
1458.23,157.35,05/05/2021,Grade 5 nuts and bolts,McKinsey and Sons,10838400,3988463
1455.47,0.33,04/15/2021,"23,000 BTUs radiant kerosene heater",Helamen Crates,97199600,3988378
1455.06,186.17,07/15/2021,Better built ATV Chests,Jimmy's Jungle,96738100,3988572
1452.38,91.52,07/30/2021,Arc Welding value pak,Melissa and Daughters Inc.,82507300,3988611
1448.43,146.58,07/30/2021,16 piece wrench set,Helamen Crates,0,3988616
1446.87,101,08/30/2021,Bolt on utility trailer jack,Mississippi Equipment,81222700,3988678
1443.72,168.19,12/15/2021,Absorbine veterinary liniment,Mississippi Equipment,81222700,3988920
1440.99,137.91,09/30/2021,Goldenrod fuel tank filter,Marathon Company,88268800,3988737
1440.1,175.84,09/30/2021,Bits,Bell Group,10713800,3988767
1438.98,98.23,11/15/2021,Hydrant repair kit,HHUO Supplies Store,91707300,3988841
1437.73,90.74,07/15/2021,Grade 5 nuts and bolts,HHUO Supplies Store,91707300,3988577
1437.71,160.12,08/15/2021,Atlas post hole digger,Marathon Company,88268800,3988652
1434.02,126.37,09/30/2021,Heartland schooling helmet,HHUO Supplies Store,91707300,3988758
1431.95,29.01,03/15/2021,BPS mildew resistant oil paint,Mississippi Equipment,81222700,3988314
1431.89,39.57,10/15/2021,Respirator,Magnetic Company,81030400,3988784
1430.96,135.12,06/15/2021,Smith and Wesson Wraparound glasses,American Trading Company,11229900,3988494
1427.91,61.5,11/15/2021,30 In. wallmount fan,Iron Rod Manufacturing,10999100,3988848
1424.86,104.54,02/15/2022,Legal Services,Happy Homes Law Offices,10338400,3988992
1422.51,155.36,09/30/2021,Riding helmet,Melissa and Daughters Inc.,82507300,3988759
1420.55,122.29,12/15/2021,Bits,Helamen Crates,97199600,3988921
1417.75,142.6,09/30/2021,Curb Chains,Blossom Country Construction,11106100,3988762
1410.93,71.05,08/30/2021,Grade 2 nuts and bolts,Marlboro Manufacturing,11316100,3988687
1409.52,11.84,09/30/2021,8' nylon lead,Universal Entertainment,77115000,3988760
1409.16,92.25,08/30/2021,Heartland blankets,McKinsey and Sons,10838400,3988692
1409.05,113.2,08/30/2021,Drop basket rack,Sunflower Lane,10286800,3988665
1408.61,107.4,03/30/2021,200' solid braided derby rope,Woolard Incorporated,82461200,3988334
1408.18,23.19,07/30/2021,30 In. Pedestool fan,Utility Water and Power,84684200,3988628
1408.07,183.09,05/15/2021,Fox American cruiser,BigZoo Technology,89715000,3988436
1408.07,188.95,10/15/2021,Arc Welding value pak,The Mark Stevens Group,82468800,3988786
1401.25,64.78,11/30/2021,Champion trailblazer battery 34R,Michael Distribution,76930400,3988889
1400.65,177.49,11/30/2021,12-D Handle poly scoops,The Mark Stevens Group,82468800,3988868
1400.03,153.38,07/30/2021,National cam-action jamb latches,Perris Wheel Company,97699600,3988626
1399.73,102.09,03/30/2021,PVC drain/waste and vent pipe,The Mark Stevens Group,82468800,3988339
1398.9,132.35,06/15/2021,Hydrant repair kit,Magnetic Company,81030400,3988512
1397.98,60.21,09/30/2021,Goldenrod replacement bowl,Woolard Incorporated,82461200,3988738
1396.37,163.65,04/30/2021,30 In. Pedestool fan,Utility Water and Power,84684200,3988403
1391.99,21.15,07/30/2021,31 cc  Pole pruner,Equipment of the Industries,86015000,3988601
1390.02,164.86,10/30/2021,Bulk grass seed,HHUO Supplies Store,91707300,3988801
1988.26,97.04,10/15/2021,5 in. angle grinder,Koro International,95638100,3988777
1386.16,146.37,04/30/2021,35-ton log splitter,Smooth Industries,95515000,3988420
1385.28,118.4,10/15/2021,30 pc. Titanium bit set,Marlboro Manufacturing,11316100,3988778
1385.12,28.46,11/15/2021,48 oz. Briggs and Stratton lawnmower oil,Old Fashioned Hardware,10621500,3988864
1384.89,146.22,07/30/2021,BernzOmatic 2 piece pencil flame torch kit,Blossom Country Construction,11106100,3988614
1381.56,118.44,03/15/2021,Solid braid nylon,Nutritious Products,91053500,3988285
1380.09,170.34,10/15/2021,10 cu. Ft. dump cart,Ceilings and Tile LLP,10348400,3988798
1379.61,161.74,01/30/2022,Legal Services,Happy Homes Law Offices,10338400,3988983
1377.94,100.09,07/30/2021,Professional paint/pesticide respirator,Ceilings and Tile LLP,10348400,3988607
1376.17,170.31,12/15/2021,Curb Chains,Melissa and Daughters Inc.,82507300,3988916
1373.59,187.53,12/30/2021,3-1/2 Cu. Ft. Utility Mixer,Celestial Exchange,77953500,3988929
1371.21,155.34,06/30/2021,"10,000 Sq. ft coverage weed and feed",The Mark Stevens Group,82468800,3988526
1370.22,7.6,05/30/2021,31 cc  Pole pruner,Helamen Crates,97199600,3988487
1368.73,105.8,01/30/2022,30 In. wallmount fan,Nutritious Products,91053500,3944078
1363.15,79.8,11/30/2021,30 in. poly leaf rake,Sunflower Lane,10286800,3988875
1359.28,8.89,06/15/2021,PVC drain/waste and vent pipe,Old Fashioned Hardware,10621500,3988510
1350.99,102,01/30/2022,30 in. poly leaf rake,Universal Entertainment,77115000,3988986
1349.46,43.91,05/30/2021,"5.3 HP, 14 in. Chop Saw",Universal Entertainment,77115000,3988483
1347.32,63.73,09/15/2021,61 piece ratchet driver set,Inhale Company,77699600,3988730
1345.12,147.77,07/30/2021,Legal Services,Happy Homes Law Offices,10338400,3988609
1343.08,74.07,06/15/2021,3 lb. splitting wedge,Marlboro Manufacturing,11316100,3988506
1342.48,166.33,10/15/2021,16 speed laser drill press,Technology of the United States,79738100,3988774
1339.99,173.06,04/30/2021,22-ton log splitter,Koro International,95638100,3988418
1339.99,155.6,06/15/2021,90 cc youth ATV,Atlantic States Steel,0,3988020
1326.86,49.28,03/30/2021,2 ton power puller,Technology of the United States,79738100,3988327
1321.91,155.22,03/15/2021,Hydrant repair kit,Universal Entertainment,77115000,3988291
1319.8,40.62,07/15/2021,BMB farmers bundle,Koro International,95638100,3988586
1319.68,87.15,10/30/2021,5 gal. premium driveway sealer/filler,MIF Manufacturing,94530400,3988816
1307.01,12.36,03/30/2021,National cam-action jamb latches,Hilton Group,84238100,3988344
1306.85,146.58,10/15/2021,"6"" long nose locking pliers with wire cutters",Equipment of the Industries,86015000,3988792
1305.28,27.91,03/30/2021,30 In. wallmount fan,Koro International,95638100,3988348
1302.75,8.81,05/15/2021,Tailgate protectors,MIF Manufacturing,94530400,3988457
1294.58,157.62,09/15/2021,Cinches and billets,BigZoo Technology,89715000,3988704
1292.69,152.14,12/15/2021,Legal Services,Happy Homes Law Offices,10338400,3988914
1279.18,30.94,10/15/2021,75/25 (C25) Shielding Gas,Wrist and Ankle Sales,94076500,3988785
1278.88,37.77,09/15/2021,5 H.P. 80 Gal. Air Compressor,Nutritious Products,91053500,3988706
1278.87,53.33,11/15/2021,35-ton log splitter,Woolard Incorporated,82461200,3988863
1278.01,184.32,10/30/2021,48 oz. Briggs and Stratton lawnmower oil,Mississippi Equipment,81222700,3988806
1276.23,50.97,03/15/2021,Monsey baker crack patch,Blossom Country Construction,11106100,3988293
1275.62,117.18,05/30/2021,Heartland schooling helmet,International Exchange Inc.,94215000,3988469
1271.39,34.11,09/30/2021,Slime tubeless sealant,McKinsey and Sons,10838400,3988740
1270.52,98.69,05/30/2021,Bits,Ceilings and Tile LLP,10348400,3988478
1268.47,175.42,10/30/2021,100 lb. propane cylinder,Utility Water and Power,84684200,3988819
1267.03,0.42,06/30/2021,Universal ATV 50 in. plow blade,Ross Company,93307300,3988553
1266.79,50.19,12/30/2021,"6"" long nose locking pliers with wire cutters",Michael Distribution,76930400,3988946
1266.6,86.91,10/15/2021,31 cc  Pole pruner,Mike and Marsh's Factory,10325300,3988776
1264.27,110.88,12/30/2021,5 gal. premium driveway sealer/filler,The Mark Stevens Group,82468800,3988957
1261.68,96.1,07/30/2021,Gal. Pressure washer chemicals,Ross Company,93307300,3988622
1261.61,11.82,10/15/2021,Professional paint/pesticide respirator,Old Fashioned Hardware,10621500,3988782
1260.78,5.36,05/30/2021,10 In. Electric Pole Saw,Automobiles International,81968800,3988484
1259.2,173.16,09/15/2021,Legal Services,Happy Homes Law Offices,10338400,3988709
1257.33,33.55,06/30/2021,Atlas post hole digger,HHUO Supplies Store,91707300,3988541
1250.85,134.84,09/15/2021,BMB farmers bundle,Black and Blue Steel,83684200,3988697
1248.74,17.23,01/15/2022,2 ton power puller,Nutritious Products,91053500,3988968
1248.1,63.57,05/30/2021,5 in. angle grinder,Iron Rod Manufacturing,10999100,3988488
1248.03,84.66,05/15/2021,Bolt on utility trailer jack,Tool Time Equipment,10664500,3988453
1245.88,131.83,07/30/2021,16 speed laser drill press,Atlantic States Steel,80368800,3988599
1245.29,149.18,08/30/2021,Horse blanket,Magnetic Company,81030400,3988693
1245.06,177.69,12/30/2021,30 pc. Titanium bit set,Genao Imports,86253500,3988932
1243.3,49.4,11/15/2021,National cam-action jamb latches,Automobiles International,81968800,3988844
1239.54,70.31,03/15/2021,Forged 5-tine manure fork,Ross Company,93307300,3988301
1238.69,179.74,09/15/2021,31 cc  Pole pruner,Universal Entertainment,77115000,3988712
1238.18,166.65,11/15/2021,Legal Services,Hayward and Kjelstrom LLP,10338400,3988855
1237.8,22.55,09/30/2021,Heartland blankets,Homemade Hardware,82976500,3988756
1232.82,152.54,09/30/2021,Legal Services,Hayward and Kjelstrom LLP,10338400,3988757
1230.47,7.45,09/30/2021,Grade 2 nuts and bolts,Integrated Equipment,10316100,3988751
1229.59,165,09/15/2021,Auto Darkening welding helmet,American Trading Company,11229900,3988723
1228.96,184.35,05/15/2021,12-D Handle poly scoops,Magnetic Company,81030400,3988425
1228.13,96.4,09/15/2021,18 in. wild thing chain saw,Helamen Crates,97199600,3988716
1228.01,36.4,04/30/2021,Hollow braid,Utility Water and Power,84684200,3988390
1226.52,181,08/15/2021,PTO driven/rear mounted tiller,Koro International,95638100,3988649
1224.78,180.8,05/15/2021,"Cub Cadet 20 HP/44"" Cut Z-force mower",Integrated Equipment,10316100,3988435
1223.69,96.97,05/30/2021,Cinches and billets,Homemade Hardware,82976500,3988479
1221.27,39.75,04/15/2021,Carlisle plastic tall kitchen bags,Nutritious Products,91053500,3988368
1218.83,106.49,05/30/2021,30 pc. Titanium bit set,Gathering Services,87961200,3988489
1218.44,29.2,07/15/2021,Wheel well tool boxes,Ceilings and Tile LLP,10348400,3988574
1217.96,174.49,03/15/2022,Legal Services,Happy Homes Law Offices,10338400,3988996
1217.71,186.74,06/15/2021,16 piece wrench set,Technology of the United States,79738100,3988502
1217.2,146.55,03/30/2021,Door and gate latch,Genao Imports,86253500,3988326
1216.89,120.57,04/30/2021,All purpose compression springs,Genao Imports,86253500,3988389
1214.04,80.52,03/15/2021,5 gal. premium driveway sealer/filler,Iron Rod Manufacturing,10999100,3988316
1210.51,66.4,06/30/2021,22-ton log splitter,Equipment of the Industries,86015000,3988532
1210.23,5.73,07/30/2021,Smith and Wesson Wraparound glasses,Homemade Hardware,82976500,3988608
1203.91,5.34,12/30/2021,"12"" metal dust pan",Smooth Industries,95515000,3988950
1203.06,43.06,12/30/2021,61 piece ratchet driver set,Koro International,95638100,3988948
1201.57,94.35,09/15/2021,Absorbine veterinary liniment,Sunflower Lane,10286800,3988702
1200.75,99.96,02/15/2022,Horizons split reins,Ceilings and Tile LLP,10348400,3988990
1199.4,173.54,10/30/2021,2 ton power puller,Taggart and Associates,89576500,3988827
1197.28,94.06,04/15/2021,All rust remover,Universal Entertainment,77115000,3988374
1196.34,48.28,09/30/2021,Gull wing tool box,Hilton Group,84238100,3988748
1186.22,95.95,06/15/2021,Gal. Pressure washer chemicals,Marathon Company,88268800,3988508
1182.15,49.63,06/15/2021,"400 amp, screw or stub type",Utility Water and Power,84684200,3988499
1180.25,87.17,07/15/2021,110V Electric gear pump,Inhale Company,77699600,3988561
1179.66,178.32,01/30/2022,Contractor duty open back shovel,HHUO Supplies Store,91707300,3988984
1175.45,32.29,05/30/2021,Gull wing tool box,Genao Imports,86253500,3988459
1174.31,169.72,07/15/2021,Gull wing tool box,Nutritious Products,91053500,3988573
1172.96,141.26,07/30/2021,Ear muff,Nutritious Products,91053500,3988606
1172.78,130.61,05/30/2021,BMB farmers bundle,Equipment of the Industries,86015000,3988472
1172.23,182.66,08/30/2021,Slime tubeless sealant,Automobiles International,81968800,3988676
1171.9,164.25,03/30/2021,Monsey baker crack patch,Atlantic States Steel,80368800,3988343
1168.45,56.41,09/15/2021,10 locking pliers,Perris Wheel Company,97699600,3988726
1163.3,51.05,10/15/2021,10 locking pliers,Atlantic States Steel,80368800,3988790
1157.39,151.72,04/15/2021,"Harper 18"" twinsweep push broom",Ceilings and Tile LLP,10348400,3988369
1151.79,120.34,12/15/2021,Campbell Hausfeld 120 lb. sandblaster,Ferris Wheel Company,10104500,3988925
1147.25,129.28,07/15/2021,Horse blanket,Mississippi Equipment,81222700,3988582
1145.63,118.09,08/15/2021,30 in. poly leaf rake,Wrist and Ankle Sales,94076500,3988657
1145.3,101.53,05/30/2021,Absorbine Bigeoil Topical Pain Reliever,Jimmy's Jungle,96738100,3988476
1142.84,185.58,07/30/2021,"93 piece 3/8"" & 1/4"" Tool set",Gathering Services,87961200,3988618
1138.05,139.96,04/15/2021,3/16 In. Galvanized 7x19 aircraft cable,American Trading Company,11229900,3988385
1134.33,66.48,11/30/2021,PTO driven/rear mounted tiller,Wrist and Ankle Sales,94076500,3988867
1132.87,160.16,03/15/2021,Carlisle plastic tall kitchen bags,Universal Entertainment,77115000,3988311
1129.39,121.46,08/15/2021,35-ton log splitter,Inhale Company,77699600,3988645
1126.36,171.06,04/15/2021,Legal Services,Happy Homes Law Offices,10338400,3988371
1125.46,136.31,12/30/2021,46 cc 20 in. power pro chain saw,Utility Water and Power,84684200,3988933
1124.86,110.59,06/30/2021,27-ton log splitter,Sunflower Lane,10286800,3988533
1124.06,185.27,11/15/2021,Pasture mix,Marlboro Manufacturing,11316100,3988860
1123.02,120.93,06/30/2021,Mow 'n Vac lawn vacuum,Nutritious Products,91053500,3988537
1118.29,18.08,11/15/2021,10-1/20 brooder refelector,Ferris Wheel Company,10104500,3988851
1117.15,144.69,07/30/2021,"Harper 7"" tampico roofcote brush",Celestial Exchange,77953500,3988624
1116.24,55.1,06/30/2021,Drop basket rack,American Trading Company,11229900,3988554
1116.11,133.31,06/30/2021,Forged 5-tine manure fork,Melissa and Daughters Inc.,82507300,3988542
1114.6,96.1,07/30/2021,30 pc. Titanium bit set,Integrated Equipment,10316100,3988603
1113.68,118.33,07/30/2021,46 cc 20 in. power pro chain saw,BigZoo Technology,89715000,3988604
1112.42,39.33,09/15/2021,5 in. angle grinder,Automobiles International,81968800,3988713
1112.14,106.76,05/30/2021,4 x 6 ft. rubber mat,Magnetic Company,81030400,3988464
1110.15,91.08,08/30/2021,Center folding aluminum ramp,Helamen Crates,97199600,3988679
1107.39,125.01,06/15/2021,Respirator,Celestial Exchange,77953500,3988495
1105.54,85.22,03/15/2021,200' solid braided derby rope,Jimmy's Jungle,96738100,3988284
1098.31,170.49,06/30/2021,Contractor duty open back shovel,Automobiles International,81968800,3988544
1094.77,180.48,10/15/2021,3-1/2 Cu. Ft. Utility Mixer,Michael Distribution,76930400,3988775
1093.35,85.8,01/15/2022,Gate latch,BigZoo Technology,89715000,3988966
1091.29,136.86,04/30/2021,Pasture mix,Mike and Marsh's Factory,10325300,3988417
1091.19,147.18,04/30/2021,ADS corrugated pipe,Gathering Services,87961200,3988393
1089.56,122.76,07/15/2021,Slime tubeless sealant,International Exchange Inc.,94215000,3988565
1085.41,105.09,08/15/2021,Gal. Bar and chain oil,Michael Distribution,76930400,3988647
1081.36,187.62,11/15/2021,Hollow braid,Sunflower Lane,10286800,3988833
1079.94,107.8,08/30/2021,Universal ATV 50 in. plow blade,Equipment of the Industries,86015000,3988664
1074.67,29.94,12/15/2021,Goldenrod fuel tank filter,Koro International,95638100,3988891
1074.47,115.85,05/15/2021,PTO driven/rear mounted tiller,McKinsey and Sons,10838400,3988424
1073.56,142.7,12/30/2021,16 piece wrench set,Technology of the United States,79738100,3988945
1071.86,86.75,05/15/2021,Hose reel cart,Black and Blue Steel,83684200,3988429
1070.52,126.43,10/30/2021,Door and gate latch,The Mark Stevens Group,82468800,3988826
1069.1,76.15,07/15/2021,Riding helmet,Michael Distribution,76930400,3988584
1063.97,21.59,01/15/2022,Hollow braid,Universal Entertainment,77115000,3988974
1061.85,105.19,12/30/2021,10 In. Electric Pole Saw,Ross Company,93307300,3988927
1059.68,114.87,09/15/2021,3 lb. splitting wedge,Technology of the United States,79738100,3988731
1056.67,91.05,05/15/2021,Swisher Mud Slinger,Melissa and Daughters Inc.,82507300,3988443
1055.07,62.9,06/15/2021,5 piece pry bar set,Smooth Industries,95515000,3988507
1051.59,127.43,09/15/2021,Bits,Integrated Equipment,10316100,3988703
1050.79,150.13,03/15/2021,ADS corrugated pipe,Ceilings and Tile LLP,10348400,3988286
1048.09,104.32,06/30/2021,Hose reel cart,Universal Entertainment,77115000,3988543
1046.97,48.93,05/30/2021,Legal Services,Happy Homes Law Offices,10338400,3988480
1045.79,188.12,06/30/2021,48 oz. Briggs and Stratton lawnmower oil,BigZoo Technology,89715000,3988535
1042.98,128.32,09/30/2021,Tailgate protectors,International Exchange Inc.,94215000,3988746
1041.02,5.89,12/15/2021,Horse blanket,Nutritious Products,91053500,3988911
1039.14,143.08,12/15/2021,Heartland blankets,Jimmy's Jungle,96738100,3988910
1038.68,35.76,05/30/2021,Curb Chains,Sunflower Lane,10286800,3988473
1031.11,32.03,09/30/2021,Side bed caps,Black and Blue Steel,83684200,3988745
1030.7,184.62,06/15/2021,Ear muff,Tool Time Equipment,10664500,3988492
1029.89,132.25,12/30/2021,75/25 (C25) Shielding Gas,Blossom Country Construction,11106100,3988939
1029.24,136.43,08/15/2021,10-tine tough duty bedding fork,Taggart and Associates,0,3988888
1029.03,183.33,11/30/2021,Spare tire mount,Technology of the United States,79738100,3988888
1028.93,118.36,06/30/2021,30 in. poly leaf rake,Mississippi Equipment,81222700,3988546
1026.66,10.73,11/30/2021,10-tine tough duty bedding fork,Taggart and Associates,89576500,3988869
1021.85,53.07,08/30/2021,Legal Services,Happy Homes Law Offices,10338400,3988672
1019.7,162.16,04/15/2021,"20 ft., 16 gauge extension cord",McKinsey and Sons,10838400,3988354
1019.15,181,10/30/2021,Gate latch,Wrist and Ankle Sales,94076500,3988825
1015.02,100.73,11/30/2021,Swisher Mud Slinger,Automobiles International,81968800,3988886
1014.03,12.9,07/30/2021,10 locking pliers,Mississippi Equipment,81222700,3988615
1012.04,146.98,07/15/2021,10 In. Electric Pole Saw,International Exchange Inc.,94215000,3988598
1008.53,105.76,10/15/2021,Auto Darkening welding helmet,Taggart and Associates,89576500,3988787
1008.09,21.01,10/30/2021,All purpose compression springs,Equipment of the Industries,86015000,3988832
1005.27,113.95,08/15/2021,90 cc youth ATV,Atlantic States Steel,80368800,3988662
1002.08,99.22,05/15/2021,Scout Utility Vehicle,Nutritious Products,91053500,3988438
1001.2,151.46,08/15/2021,Contractor duty open back shovel,McKinsey and Sons,10838400,3988655
1001.09,43.22,03/30/2021,Double adjustable box rail bracket,Technology of the United States,79738100,3988345
995.31,10.99,10/15/2021,61 piece ratchet driver set,Integrated Equipment,10316100,3988794
994.61,138.24,04/15/2021,2 ton power puller,Ross Company,93307300,3988384
986.41,168.94,07/15/2021,"5.3 HP, 14 in. Chop Saw",Black and Blue Steel,83684200,3988597
981.37,125.32,05/30/2021,Hermann Oak complete bridle,Integrated Equipment,10316100,3988474
980.36,62.48,12/30/2021,10 locking pliers,Bell Group,10713800,3988944
973.88,168.71,08/15/2021,10-tine tough duty bedding fork,Smooth Industries,95515000,3988651
966.37,68.67,04/15/2021,Pasture mix,International Exchange Inc.,94215000,3988360
965.98,4.87,09/15/2021,BernzOmatic 2 piece pencil flame torch kit,MIF Manufacturing,94530400,3988725
965.96,185.67,09/15/2021,"400 amp, screw or stub type",Celestial Exchange,77953500,3988724
965.81,42,05/15/2021,90 cc youth ATV,Jimmy's Jungle,96738100,3988437
963.8,0.95,04/15/2021,27-ton log splitter,Hilton Group,84238100,3988362
963.77,19.87,05/15/2021,Contractor duty open back shovel,International Exchange Inc.,94215000,3988430
960.42,60.05,11/15/2021,"Harper 7"" tampico roofcote brush",Melissa and Daughters Inc.,82507300,3988842
959.66,24.4,06/30/2021,Quadivator,MIF Manufacturing,94530400,3988556
955.71,102.61,05/15/2021,Atlas post hole digger,The Mark Stevens Group,82468800,3988427
954.02,119.84,05/15/2021,"1,700 lb. pull winch",Ferris Wheel Company,10104500,3988452
948.02,38.02,10/30/2021,"12"" metal dust pan",Gathering Services,87961200,3988809
946.17,23.52,03/30/2021,3/16 In. Galvanized 7x19 aircraft cable,Michael Distribution,76930400,3988328
945.99,149.91,03/30/2021,42 In. barn vent fan,Mike and Marsh's Factory,10325300,3988347
943.43,188.32,03/30/2021,5 pc. wrought iron fireset,Tool Time Equipment,10664500,3988320
943.05,40.84,01/15/2022,Roebic cesspool treatment,Iron Rod Manufacturing,10999100,3988979
942.95,143.6,09/30/2021,Galvanized grade 8 nuts and bolts,Sunflower Lane,10286800,3988750
942.57,74.04,12/30/2021,Arc Welding value pak,Mississippi Equipment,81222700,3988940
942.55,175.39,01/30/2022,10-tine tough duty bedding fork,Nutritious Products,91053500,3988980
941.49,126.8,12/15/2021,Tailgate protectors,The Mark Stevens Group,82468800,3988900
939.29,156.44,11/30/2021,Quadivator,Universal Entertainment,77115000,3988885
936.76,146.73,12/15/2021,Absorbine Bigeoil Topical Pain Reliever,Blossom Country Construction,11106100,3988919
931.74,186.49,07/30/2021,18 in. wild thing chain saw,Jimmy's Jungle,96738100,3988605
931.61,155.05,04/30/2021,Double adjustable box rail bracket,Genao Imports,86253500,3988402
931.3,79.01,06/15/2021,Drain out crystal,McKinsey and Sons,10838400,3988511
931.26,142.39,10/15/2021,"93 piece 3/8"" & 1/4"" Tool set",Sunflower Lane,10286800,3988793
930.65,127.1,05/15/2021,Slime tubeless sealant,Bell Group,10713800,3988451
928.26,116.69,08/30/2021,8' nylon lead,Taggart and Associates,89576500,3988696
926.65,109.28,10/15/2021,"400 amp, screw or stub type",Black and Blue Steel,83684200,3988788
926.59,76.06,09/15/2021,Absorbine Bigeoil Topical Pain Reliever,Equipment of the Industries,86015000,3988701
926.16,179.87,11/15/2021,10' cam strap,Gathering Services,87961200,3988849
925.82,55.92,11/30/2021,110V Electric gear pump,Mike and Marsh's Factory,10325300,3988890
919.18,7.79,07/30/2021,Double adjustable box rail bracket,Genao Imports,86253500,3988627
912.15,163.35,10/15/2021,Campbell Hausfeld 120 lb. sandblaster,American Trading Company,11229900,3988771
906.24,172.93,03/30/2021,Drain out crystal,Taggart and Associates,89576500,3988340
896.69,176.26,11/30/2021,Forged 5-tine manure fork,International Exchange Inc.,94215000,3988871
895.16,175.67,12/15/2021,Bolt on utility trailer jack,Old Fashioned Hardware,10621500,3988896
893.7,47.52,03/15/2021,Hollow braid,BigZoo Technology,89715000,3988283
889.99,38.21,03/15/2021,Copper rigid pipe,Homemade Hardware,82976500,3988287
887.07,188.33,06/30/2021,90 cc youth ATV,Ferris Wheel Company,10104500,3988551
879.9,58.19,09/30/2021,Modular ramp,Taggart and Associates,89576500,3988744
874.16,144.06,12/30/2021,"1-1/8"" x 60"" aluminum tip threaded handles",Marlboro Manufacturing,11316100,3988949
872.05,95.57,09/15/2021,Competitor Splint High top boots,Jimmy's Jungle,96738100,3988705
869.44,75.33,01/30/2022,"Cub Cadet 20 HP/44"" Cut Z-force mower",Mississippi Equipment,81222700,3988989
865.85,77.11,12/30/2021,16 speed laser drill press,American Trading Company,11229900,3988928
865.34,185.63,06/30/2021,Fox American cruiser,Bell Group,10713800,3988550
864.34,4.66,08/30/2021,12 oz. cotton summer sheet,Old Fashioned Hardware,10621500,3988691
858.54,143.5,06/15/2021,18 in. wild thing chain saw,Ferris Wheel Company,10104500,3988491
854.21,117.88,05/15/2021,Goldenrod replacement bowl,Iron Rod Manufacturing,10999100,3988449
851.26,116.43,06/30/2021,Fox Tracer LXT,Celestial Exchange,77953500,3988555
850.85,92.46,07/15/2021,Legal Services,Happy Homes Law Offices,10338400,3988576
849.58,15.91,01/15/2022,200' solid braided derby rope,Automobiles International,81968800,3988975
845.48,161.23,09/30/2021,"1,700 lb. pull winch",Magnetic Company,81030400,3988741
845.18,129.33,03/15/2021,"Cub Cadet 20 HP/44"" Cut Z-force mower",Sorensen and Young,94530400,3988308
843.73,42.88,11/15/2021,42 In. barn vent fan,Helamen Crates,97199600,3988847
843.19,7.79,01/15/2022,30 In. wallmount fan,Hilton Group,84238100,3973299
841.18,186.58,07/15/2021,Horizons split reins,Marathon Company,88268800,3988589
838.83,62.92,02/15/2022,Competitor Splint High top boots,Universal Entertainment,77115000,3988995
834.76,121.52,06/30/2021,Gal. Bar and chain oil,Jimmy's Jungle,96738100,3988536
833.7,46.77,04/30/2021,Bulk grass seed,Michael Distribution,76930400,3988416
826.93,20.12,03/15/2021,Contractor duty open back shovel,Celestial Exchange,77953500,3988303
819.18,67.69,03/15/2021,Drain out crystal,Melissa and Daughters Inc.,82507300,3988290
818.39,51.66,05/15/2021,Mow 'n Vac lawn vacuum,Old Fashioned Hardware,10621500,3988423
816.36,109.5,04/30/2021,"Harper 7"" tampico roofcote brush",Celestial Exchange,77953500,3988399
815.86,3.57,09/30/2021,Absorbine veterinary liniment,Gathering Services,87961200,3988766
815.73,79.86,08/30/2021,Grade 5 nuts and bolts,Smooth Industries,95515000,3988688
812.76,15.45,06/15/2021,BernzOmatic 2 piece pencil flame torch kit,Sorensen and Young,94530400,3988500
812.74,30.76,11/30/2021,Drop basket rack,HHUO Supplies Store,91707300,3988883
812.38,161.04,09/15/2021,75/25 (C25) Shielding Gas,Tool Time Equipment,10664500,3988721
809.44,76.66,12/15/2021,Horizons split reins,Automobiles International,81968800,3988918
806.92,137.13,12/30/2021,All rust remover,Taggart and Associates,89576500,3988958
797.78,95.63,05/15/2021,10-tine tough duty bedding fork,Wrist and Ankle Sales,94076500,3988426
797.57,133.87,08/30/2021,Goldenrod fuel tank filter,HHUO Supplies Store,91707300,3988673
794.47,14.55,05/15/2021,Better built ATV Chests,Perris Wheel Company,97699600,3988458
790.29,59.8,09/30/2021,Hermann Oak complete bridle,Mississippi Equipment,81222700,3988763
789.94,172.17,10/15/2021,10 In. Electric Pole Saw,MIF Manufacturing,94530400,3988773
788.93,165.3,08/15/2021,10' utility strp,Iron Rod Manufacturing,10999100,3988632
787.15,112.62,05/30/2021,16 speed laser drill press,Blossom Country Construction,11106100,3988485
786.96,131.31,08/15/2021,Heavy duty garden tripod sprinkler,The Mark Stevens Group,82468800,3988658
785.08,4.79,06/15/2021,10 locking pliers,Inhale Company,77699600,3988501
781.97,92.4,09/15/2021,Hermann Oak complete bridle,Atlantic States Steel,80368800,3988699
781.52,72.22,03/15/2021,Fox American cruiser,HHUO Supplies Store,91707300,3988309
781.23,13.61,10/30/2021,Pasture mix,Melissa and Daughters Inc.,82507300,3988802
781.16,174.12,07/30/2021,Monsey baker crack patch,MIF Manufacturing,94530400,3988625
777.43,84.27,04/15/2021,Bolt hooks,Iron Rod Manufacturing,10999100,3988379
771.53,53.63,04/30/2021,"15,000 lb. binder",Marlboro Manufacturing,11316100,3988410
768.39,184.46,01/15/2022,All purpose compression springs,Melissa and Daughters Inc.,82507300,3988973
766.17,26.67,06/15/2021,"11,000 lb. recessed anchor",McKinsey and Sons,10838400,3988523
765.02,18.57,04/15/2021,American lock laminated,Celestial Exchange,77953500,3988386
764.35,57.34,11/30/2021,Hose reel cart,Atlantic States Steel,80368800,3988872
763.82,179.97,03/15/2021,National cam-action jamb latches,Mississippi Equipment,81222700,3988294
763.38,186.51,03/30/2021,30 In. Pedestool fan,Michael Distribution,76930400,3988346
760.07,89.76,07/30/2021,5 in. angle grinder,Sunflower Lane,10286800,3988602
759.36,128,02/15/2022,Cleaning Services,Hartford Brothers,0,3934560
758.45,101.9,04/15/2021,National box rail,Bell Group,10713800,3988381
757.99,185.96,03/30/2021,Hydrant repair kit,Black and Blue Steel,83684200,3988341
756.05,127.03,08/30/2021,Wheel well tool boxes,Mike and Marsh's Factory,10325300,3988685
755.91,168.38,03/15/2021,Double adjustable box rail bracket,Helamen Crates,97199600,3988295
752.93,147.73,12/15/2021,Side bed caps,Wrist and Ankle Sales,94076500,3988899
750.82,118.46,11/30/2021,2 1/2 Gal. Plastic gas can,Blossom Country Construction,11106100,3988887
747.58,56.45,09/30/2021,Grade 5 nuts and bolts,BigZoo Technology,89715000,3988752
744.95,156.81,11/15/2021,Legal Services,Happy Homes Law Offices,10338400,3988840
743.88,22.03,05/30/2021,3-1/2 Cu. Ft. Utility Mixer,Mississippi Equipment,81222700,3988486
743.52,20.16,10/15/2021,"5.3 HP, 14 in. Chop Saw",Celestial Exchange,77953500,3988772
739.44,81.78,03/30/2021,100 lb. propane cylinder,Ferris Wheel Company,10104500,3988319
738.93,179.91,03/30/2021,National box rail,MIF Manufacturing,94530400,3988324
733.91,145.53,08/15/2021,Pasture mix,Genao Imports,86253500,3988642
731.05,168.4,04/15/2021,50 lb. annual ryegrass,Taggart and Associates,89576500,3988358
730.13,31.03,07/15/2021,Competitor Splint High top boots,Wrist and Ankle Sales,94076500,3988594
729.56,17.76,09/30/2021,Bolt on utility trailer jack,Wrist and Ankle Sales,94076500,3988742
729.08,129.49,09/15/2021,Gal. Pressure washer chemicals,Mike and Marsh's Factory,10325300,3988733
728.2,38.36,04/30/2021,10-1/20 brooder refelector,Mike and Marsh's Factory,10325300,3988408
727.51,44.22,06/30/2021,Legal Services,Happy Homes Law Offices,10338400,3988540
727.29,167.04,05/30/2021,Galvanized grade 8 nuts and bolts,Sorensen and Young,94530400,3988461
726.54,27.77,08/15/2021,30 In. wallmount fan,Inhale Company,77699600,3988630
724.39,22.32,11/15/2021,"15,000 lb. binder",Ross Company,93307300,3988853
709,68.44,08/15/2021,Fox American cruiser,International Exchange Inc.,94215000,3988661
708.05,72.17,05/30/2021,Riding helmet,Atlantic States Steel,80368800,3988470
705.67,161.97,05/15/2021,Quadivator,HHUO Supplies Store,91707300,3988442
704.52,100.61,10/15/2021,5 piece pry bar set,Jimmy's Jungle,96738100,3988796
702.34,16.81,07/15/2021,Heartland blankets,Blossom Country Construction,11106100,3988581
697.66,147.31,01/15/2022,Door and gate latch,Jimmy's Jungle,96738100,3988967
696.1,172.67,09/15/2021,Respirator,Ferris Wheel Company,10104500,3988720
694.87,166.41,07/15/2021,Goldenrod replacement bowl,Taggart and Associates,89576500,3988563
693.7,15.23,04/30/2021,Solid braid nylon,Inhale Company,77699600,3988392
692.26,180.4,04/30/2021,Clevis grab hooks zinc plated,MIF Manufacturing,94530400,3988387
692.15,14.41,11/15/2021,PVC drain/waste and vent pipe,Homemade Hardware,82976500,3988839
690.14,171.35,08/30/2021,Side bed caps,Gathering Services,87961200,3988681
689.94,107.31,11/30/2021,20 lb. 2% sevin lawn insect granules,Equipment of the Industries,86015000,3988874
689.91,89.07,07/15/2021,12 Volt fuel pump,Black and Blue Steel,83684200,3988564
689.4,158.74,04/30/2021,Roebic cesspool treatment,Ferris Wheel Company,10104500,3988395
687.12,125.28,03/15/2021,10-tine tough duty bedding fork,Ferris Wheel Company,10104500,3988299
686.7,47.1,08/15/2021,10' cam strap,Helamen Crates,97199600,3988631
684.12,120.3,04/30/2021,"11,000 lb. recessed anchor",Koro International,95638100,3988409
679.02,2.94,09/15/2021,"5.3 HP, 14 in. Chop Saw",Homemade Hardware,82976500,3988708
677.3,171.08,05/30/2021,Combination shoe puller/spreader,Wrist and Ankle Sales,94076500,3988465
676.52,28.17,11/30/2021,"Cub Cadet 20 HP/44"" Cut Z-force mower",Jimmy's Jungle,96738100,3988878
676.13,187.93,06/30/2021,Champion trailblazer battery 34R,Sorensen and Young,94530400,3988560
675.16,0,11/15/2021,Cleaning Services,Hartford Brothers,0,3981111
674.72,119.31,11/30/2021,American ornamental 8' windmill,BigZoo Technology,89715000,3988877
674.33,18.65,09/15/2021,"93 piece 3/8"" & 1/4"" Tool set",Sorensen and Young,94530400,3988729
671.68,27.32,05/30/2021,12 oz. cotton summer sheet,The Mark Stevens Group,82468800,3988466
670.51,108.38,10/30/2021,National box rail,Magnetic Company,81030400,3988824
670.27,51.84,11/30/2021,90 cc youth ATV,Ceilings and Tile LLP,10348400,3988880
665.33,45.93,07/15/2021,12 oz. cotton summer sheet,Automobiles International,81968800,3988580
662.5,156.39,09/15/2021,46 cc 20 in. power pro chain saw,Mississippi Equipment,81222700,3988715
661.94,42.05,04/30/2021,"10,000 Sq. ft coverage weed and feed",Marathon Company,88268800,3988412
658.57,67.39,07/15/2021,8' nylon lead,Mike and Marsh's Factory,10325300,3988585
658.33,115.35,10/30/2021,3/16 In. Galvanized 7x19 aircraft cable,Black and Blue Steel,83684200,3988828
657.7,110.01,10/30/2021,22-ton log splitter,Universal Entertainment,77115000,3988803
656.74,118.06,07/30/2021,Hydrant repair kit,American Trading Company,11229900,3988623
656.32,78.54,07/15/2021,"1,700 lb. pull winch",Atlantic States Steel,80368800,3988566
655.06,95.57,10/30/2021,3/16 in. welded GR30 proof coil chain,Hilton Group,84238100,3988831
654.62,60.28,05/30/2021,8' nylon lead,Hilton Group,84238100,3988471
652.37,55.58,03/30/2021,Hollow braid,Marathon Company,88268800,3988333
651.25,82.1,03/15/2021,PVC drain/waste and vent pipe,HHUO Supplies Store,91707300,3988289
642.74,52.84,04/30/2021,30 In. wallmount fan,Inhale Company,77699600,3988405
641.81,64.46,04/15/2021,35-ton log splitter,Equipment of the Industries,86015000,3988363
640.83,21.65,08/30/2021,12 Volt fuel pump,Universal Entertainment,77115000,3988675
637.94,132.89,04/15/2021,Door and gate latch,Tool Time Equipment,10664500,3988383
637.15,93.77,06/30/2021,Spare tire mount,Utility Water and Power,84684200,3988559
631.87,142.42,08/15/2021,12-D Handle poly scoops,Marlboro Manufacturing,11316100,3988650
631.11,24.77,09/30/2021,Center folding aluminum ramp,The Mark Stevens Group,82468800,3988743
630.39,176.12,12/15/2021,Riding helmet,Homemade Hardware,82976500,3988913
630.32,131.27,04/30/2021,42 In. barn vent fan,Sorensen and Young,94530400,3988404
629.86,49.87,03/30/2021,3/16 in. welded GR30 proof coil chain,Marlboro Manufacturing,11316100,3988331
627.51,57.54,11/15/2021,27-ton log splitter,Marathon Company,88268800,3988862
626.15,53.79,06/15/2021,Roebic cesspool treatment,Woolard Incorporated,82461200,3988509
625.3,50.61,12/30/2021,"Harper 18"" twinsweep push broom",Old Fashioned Hardware,10621500,3988953
624.24,96.65,06/30/2021,5 lb. bag sun/shade mix,Black and Blue Steel,83684200,3988528
622.12,102.29,11/15/2021,Copper rigid pipe,Nutritious Products,91053500,3988837
621.02,13.9,07/15/2021,4 x 6 ft. rubber mat,Melissa and Daughters Inc.,82507300,3988578
619.25,142.29,04/15/2021,10 cu. Ft. dump cart,Wrist and Ankle Sales,94076500,3988356
615.18,187.27,06/15/2021,10-1/20 brooder refelector,Old Fashioned Hardware,10621500,3988522
613.31,113.82,12/30/2021,Professional paint/pesticide respirator,Melissa and Daughters Inc.,82507300,3988936
611.98,67.6,12/30/2021,18 in. wild thing chain saw,Sorensen and Young,94530400,3988934
608.59,5.48,05/30/2021,Grade 2 nuts and bolts,Inhale Company,77699600,3988462
608.49,154.61,12/15/2021,4 x 6 ft. rubber mat,Sunflower Lane,10286800,3988907
608.24,105.96,06/30/2021,35-ton log splitter,Integrated Equipment,10316100,3988534
593.45,68.49,05/15/2021,2 1/2 Gal. Plastic gas can,Universal Entertainment,77115000,3988444
593.25,68.07,05/30/2021,Horizons split reins,BigZoo Technology,89715000,3988475
592.1,19.24,01/15/2022,ADS corrugated pipe,Mississippi Equipment,81222700,3988977
589.97,80.99,08/15/2021,50 lb. annual ryegrass,MIF Manufacturing,94530400,3988640
587.66,93.56,10/15/2021,Ear muff,Woolard Incorporated,82461200,3988781
584.35,19.93,04/30/2021,10' cam strap,Technology of the United States,79738100,3988406
583.32,65.73,12/15/2021,Center folding aluminum ramp,McKinsey and Sons,10838400,3988897
583.21,179.34,04/30/2021,"20 ft., 16 gauge extension cord",Smooth Industries,95515000,3988411
582.39,139.43,04/15/2021,"10,000 BTUs blue flame heater w/legs",Automobiles International,81968800,3988375
579.86,172.45,05/30/2021,Heartland blankets,Taggart and Associates,89576500,3988467
577.48,138.59,04/15/2021,22-ton log splitter,Atlantic States Steel,80368800,3988361
575.57,0,10/30/2021,Cleaning Services,Hartford Brothers,0,3997979
571.72,38.19,08/30/2021,Riding helmet,The Mark Stevens Group,82468800,3988695
565.62,29.35,08/15/2021,5 lb. bag sun/shade mix,Celestial Exchange,77953500,3988639
562.04,62.63,08/15/2021,27-ton log splitter,Sorensen and Young,94530400,3988644
560.05,56.73,10/15/2021,5 H.P. 80 Gal. Air Compressor,Ross Company,93307300,3988770
558.39,138.8,11/30/2021,Fox Tracer LXT,Melissa and Daughters Inc.,82507300,3988884
556.38,171.03,12/30/2021,Ear muff,Inhale Company,77699600,3988935
556.19,173.36,12/15/2021,Galvanized grade 8 nuts and bolts,Atlantic States Steel,80368800,3988904
555.79,91.04,08/15/2021,42 In. barn vent fan,Sorensen and Young,94530400,3988629
551.71,31.54,09/30/2021,Absorbine Bigeoil Topical Pain Reliever,Iron Rod Manufacturing,10999100,3988765
551.67,114.38,11/15/2021,10 cu. Ft. dump cart,Technology of the United States,79738100,3988856
547.76,57.2,10/15/2021,3 lb. splitting wedge,BigZoo Technology,89715000,3988795
546.73,147.42,08/15/2021,48 oz. Briggs and Stratton lawnmower oil,Technology of the United States,79738100,3988646
546.71,20.91,07/15/2021,Hermann Oak complete bridle,Smooth Industries,95515000,3988588
542.65,6.54,11/15/2021,Bulk grass seed,Koro International,95638100,3988859
541.92,54.34,07/15/2021,Tailgate protectors,BigZoo Technology,89715000,3988571
541.64,83.62,12/15/2021,Competitor Splint High top boots,Gathering Services,87961200,3988923
538.81,129.1,09/15/2021,30 pc. Titanium bit set,Blossom Country Construction,11106100,3988714
538,107.08,07/30/2021,3 lb. splitting wedge,Ferris Wheel Company,10104500,3988620
537.76,183.54,08/30/2021,Gull wing tool box,Michael Distribution,76930400,3988684
537.3,21.55,08/30/2021,Modular ramp,Iron Rod Manufacturing,10999100,3988680
537.09,28.08,12/30/2021,"400 amp, screw or stub type",Iron Rod Manufacturing,10999100,3988942
535.58,18.97,12/15/2021,12 Volt fuel pump,Smooth Industries,95515000,3988893
532.44,184.31,06/30/2021,10 cu. Ft. dump cart,Taggart and Associates,89576500,3988527
531.14,159.23,04/15/2021,5 gal. premium driveway sealer/filler,Melissa and Daughters Inc.,82507300,3988373
529.83,0.97,05/30/2021,5 H.P. 80 Gal. Air Compressor,HHUO Supplies Store,91707300,3988481
527.44,136.05,04/15/2021,"10,000 Sq. ft coverage weed and feed",Magnetic Company,81030400,3988355
527.39,165.57,04/30/2021,PVC drain/waste and vent pipe,Tool Time Equipment,10664500,3988396
524.81,66.23,08/15/2021,"10,000 Sq. ft coverage weed and feed",Ross Company,93307300,3988637
523.96,33.53,10/15/2021,18 in. wild thing chain saw,Marathon Company,88268800,3988780
523.56,2.15,03/15/2021,90 cc youth ATV,Melissa and Daughters Inc.,82507300,3988310
521.27,78.87,08/30/2021,Champion trailblazer battery 34R,Homemade Hardware,82976500,3988671
520.76,75.03,05/15/2021,Center folding aluminum ramp,Ross Company,93307300,3988454
519.72,88.95,03/30/2021,All purpose compression springs,Smooth Industries,95515000,3988332
518.42,90.28,05/30/2021,Horse blanket,Black and Blue Steel,83684200,3988468
516.63,69.48,06/30/2021,American ornamental 8' windmill,Iron Rod Manufacturing,10999100,3988548
510.57,111.91,12/15/2021,Gull wing tool box,Black and Blue Steel,83684200,3988902
509.31,20.06,01/15/2022,National box rail,Integrated Equipment,10316100,3988965
509.29,89.3,09/15/2021,Horizons split reins,Hilton Group,84238100,3988700
508.82,183.51,04/15/2021,5 lb. bag sun/shade mix,The Mark Stevens Group,82468800,3988357
508.07,9.69,04/15/2021,Hinger straps,Gathering Services,87961200,3988380
507.75,174.8,03/30/2021,Clevis grab hooks zinc plated,Koro International,95638100,3988330
505.59,171.59,06/15/2021,42 In. barn vent fan,Marlboro Manufacturing,11316100,3988518
504.27,177.93,05/30/2021,Wheel well tool boxes,Utility Water and Power,84684200,3988460
501.19,38.36,12/15/2021,Combination shoe puller/spreader,Integrated Equipment,10316100,3988908
500.16,43.27,08/30/2021,Spare tire mount,Ceilings and Tile LLP,10348400,3988670
500.03,9.05,11/30/2021,Fox American cruiser,Nutritious Products,91053500,3988879
499.83,79.06,11/15/2021,200' solid braided derby rope,Integrated Equipment,10316100,3988834
494.2,125.97,09/30/2021,4 x 6 ft. rubber mat,Jimmy's Jungle,96738100,3988753
494.04,132.41,06/30/2021,"20 ft., 16 gauge extension cord",Wrist and Ankle Sales,94076500,3988525
491.1,186.07,03/15/2021,Hose reel cart,American Trading Company,11229900,3988302
490.69,37.17,05/30/2021,Absorbine veterinary liniment,Nutritious Products,91053500,3988477
489.67,58.07,01/15/2022,American lock laminated,Homemade Hardware,82976500,3988970
488.8,89.8,07/15/2021,Side bed caps,Integrated Equipment,10316100,3988570
487.54,111.5,10/30/2021,BPS mildew resistant oil paint,American Trading Company,11229900,3988814
483.43,105.32,10/15/2021,Legal Services,Happy Homes Law Offices,10338400,3988800
482.25,179.78,06/30/2021,PTO driven/rear mounted tiller,Ceilings and Tile LLP,10348400,3988538
479.39,17.72,05/15/2021,Modular ramp,American Trading Company,11229900,3988455
468.42,179.47,11/15/2021,"20 ft., 16 gauge extension cord",American Trading Company,11229900,3988854
468.35,176.57,08/30/2021,Heartland schooling helmet,Wrist and Ankle Sales,94076500,3988694
467.9,145.33,12/15/2021,Grade 5 nuts and bolts,Equipment of the Industries,86015000,3988906
466.39,77.38,11/15/2021,Roebic cesspool treatment,Ceilings and Tile LLP,10348400,3988838
462.76,176.9,03/15/2021,12-D Handle poly scoops,Bell Group,10713800,3988298
461.6,21.69,03/15/2021,Atlas post hole digger,Tool Time Equipment,10664500,3988300
461.51,135.37,10/30/2021,5 pc. wrought iron fireset,Sorensen and Young,94530400,3988820
461.16,182.26,04/30/2021,27-ton log splitter,Marlboro Manufacturing,11316100,3988419
459.56,95.93,12/30/2021,Auto Darkening welding helmet,Helamen Crates,97199600,3988941
457.59,96.48,06/30/2021,Heavy duty garden tripod sprinkler,Helamen Crates,97199600,3988547
455.45,0.52,12/30/2021,Barn and fence paint brushes,McKinsey and Sons,10838400,3988954
454.54,15.25,06/15/2021,Arc Welding value pak,Perris Wheel Company,97699600,3988497
451.32,153.17,03/15/2021,Barn and fence paint brushes,Blossom Country Construction,11106100,3988313
449.65,52.22,02/15/2022,Absorbine Bigeoil Topical Pain Reliever,Homemade Hardware,82976500,3988991
448.92,88.54,06/30/2021,50 lb. annual ryegrass,International Exchange Inc.,94215000,3988529
448.6,53.62,10/30/2021,American lock laminated,International Exchange Inc.,94215000,3988829
447.9,83.83,08/30/2021,Goldenrod replacement bowl,Melissa and Daughters Inc.,82507300,3988674
446.62,8.08,04/15/2021,5 pc. wrought iron fireset,Mississippi Equipment,81222700,3988377
444.08,4.99,12/30/2021,100 lb. propane cylinder,International Exchange Inc.,94215000,3988960
442.56,153.96,06/15/2021,10' cam strap,Marathon Company,88268800,3988520
440.88,15.92,04/15/2021,10-1/20 brooder refelector,Marathon Company,88268800,3988351
439.71,184.4,08/30/2021,Better built ATV Chests,Technology of the United States,79738100,3988683
439.52,186.87,04/30/2021,Monsey baker crack patch,MIF Manufacturing,94530400,3988400
439.44,137.3,11/30/2021,Atlas post hole digger,Black and Blue Steel,83684200,3988870
439.27,147.87,11/15/2021,5 lb. bag sun/shade mix,Michael Distribution,76930400,3988857
435.14,162.88,03/15/2021,Mow 'n Vac lawn vacuum,Iron Rod Manufacturing,10999100,3988296
430.19,29.71,11/30/2021,Legal Services,Happy Homes Law Offices,10338400,3988882
429.42,179.77,03/15/2021,Legal Services,Happy Homes Law Offices,10338400,3988288
429.34,9.76,03/30/2021,Roebic cesspool treatment,Wrist and Ankle Sales,94076500,3988338
425.61,90.52,03/15/2021,"Harper 18"" twinsweep push broom",Automobiles International,81968800,3988312
420.74,141.72,10/30/2021,32 gal. galvanized garbage can,Bell Group,10713800,3988810
417.85,92.26,08/15/2021,American ornamental 8' windmill,Taggart and Associates,89576500,3988659
404.06,41.08,10/30/2021,Gal. Bar and chain oil,Helamen Crates,97199600,3988807
400.87,101.56,08/15/2021,Forged 5-tine manure fork,Woolard Incorporated,82461200,3988653
400.33,144.67,09/15/2021,Smith and Wesson Wraparound glasses,Bell Group,10713800,3988719
395.89,85.19,12/30/2021,BPS mildew resistant oil paint,Magnetic Company,81030400,3988955
394.38,53.92,03/30/2021,10' cam strap,Marlboro Manufacturing,11316100,3988349
391.8,166.28,06/15/2021,"6"" long nose locking pliers with wire cutters",Michael Distribution,76930400,3988503
391.79,112.76,08/15/2021,10-1/20 brooder refelector,Gathering Services,87961200,3988633
390.56,182.09,08/30/2021,Galvanized grade 8 nuts and bolts,Koro International,95638100,3988686
387.1,127.46,10/30/2021,All rust remover,Perris Wheel Company,97699600,3988817
385.94,100.08,05/15/2021,Legal Services,Happy Homes Law Offices,10338400,3988441
385.39,148.9,03/15/2021,BPS exterior oil primer,Helamen Crates,97199600,3988315
373.87,41.88,04/30/2021,3/16 in. welded GR30 proof coil chain,Perris Wheel Company,97699600,3988388
373.14,96.29,09/30/2021,BMB farmers bundle,Automobiles International,81968800,3988761
370.27,118.16,10/30/2021,"23,000 BTUs radiant kerosene heater",Inhale Company,77699600,3988821
368.63,17.39,03/30/2021,Solid braid nylon,Old Fashioned Hardware,10621500,3988335
367.01,115.48,03/15/2021,All purpose compression springs,Integrated Equipment,10316100,3988282
365.79,99.85,03/30/2021,Hinger straps,Celestial Exchange,77953500,3988323
365.36,13.33,09/30/2021,Wheel well tool boxes,Equipment of the Industries,86015000,3988749
364.36,20.39,08/30/2021,Swisher Mud Slinger,Jimmy's Jungle,96738100,3988668
363.71,91.44,08/15/2021,20 lb. 2% sevin lawn insect granules,Magnetic Company,81030400,3988656
361.72,116.43,08/30/2021,Combination shoe puller/spreader,Woolard Incorporated,82461200,3988690
359.97,164.51,03/30/2021,ADS corrugated pipe,McKinsey and Sons,10838400,3988336
356.27,182.23,04/15/2021,Bulk grass seed,Black and Blue Steel,83684200,3988359
355.69,102.46,06/15/2021,Auto Darkening welding helmet,Genao Imports,86253500,3988498
355.62,147.95,09/30/2021,Horizons split reins,Helamen Crates,97199600,3988764
352.29,135.08,10/15/2021,46 cc 20 in. power pro chain saw,Smooth Industries,95515000,3988779
352.26,80.92,03/15/2021,30 in. poly leaf rake,Perris Wheel Company,97699600,3988305
350.39,73.26,09/30/2021,12 oz. cotton summer sheet,Ceilings and Tile LLP,10348400,3988755
342.61,105.19,04/30/2021,200' solid braided derby rope,Sorensen and Young,94530400,3988391
342.31,32.32,09/15/2021,5 piece pry bar set,Michael Distribution,76930400,3988732
340.62,138.66,07/15/2021,Modular ramp,Sunflower Lane,10286800,3988569
335.59,121.87,04/15/2021,48 oz. Briggs and Stratton lawnmower oil,Sunflower Lane,10286800,3988364
334.18,184.4,05/15/2021,Side bed caps,Celestial Exchange,77953500,3988456
332.36,7.96,03/30/2021,Gate latch,Perris Wheel Company,97699600,3988325
329,154.3,07/15/2021,Campbell Hausfeld 120 lb. sandblaster,Taggart and Associates,89576500,3988596
328.68,185.6,03/15/2021,American ornamental 8' windmill,Utility Water and Power,84684200,3988307
328.68,164.16,04/30/2021,Hydrant repair kit,American Trading Company,11229900,3988398
327.24,13.7,09/30/2021,Spare tire mount,Koro International,95638100,3988734
322.78,2.69,12/15/2021,"1,700 lb. pull winch",Woolard Incorporated,82461200,3988895
321.04,17.2,05/15/2021,30 in. poly leaf rake,Hilton Group,84238100,3988432
313.59,182.72,07/30/2021,"400 amp, screw or stub type",Automobiles International,81968800,3988613
312.34,175.59,07/15/2021,Heartland schooling helmet,Technology of the United States,79738100,3988583
312.32,12.32,04/30/2021,50 lb. annual ryegrass,Technology of the United States,79738100,3988415
310.01,187.34,08/30/2021,Tailgate protectors,Bell Group,10713800,3988682
307.01,173.79,12/15/2021,Modular ramp,Magnetic Company,81030400,3988898
301.36,125.26,05/15/2021,20 lb. 2% sevin lawn insect granules,Atlantic States Steel,80368800,3988431
300.33,150.31,11/30/2021,Heavy duty garden tripod sprinkler,Integrated Equipment,10316100,3988876
300.03,170.79,04/30/2021,Copper rigid pipe,Bell Group,10713800,3988394
299.7,36.56,03/30/2021,10' utility strp,Smooth Industries,95515000,3988350
298,160.65,11/30/2021,Gal. Bar and chain oil,McKinsey and Sons,10838400,3988865
297.38,78.21,07/30/2021,3-1/2 Cu. Ft. Utility Mixer,Hilton Group,84238100,3988600
295.57,127.44,12/30/2021,32 gal. galvanized garbage can,Marathon Company,88268800,3988951
294.67,76.76,01/15/2022,5 pc. wrought iron fireset,Atlantic States Steel,80368800,3988961
291.49,31.15,01/30/2022,Atlas post hole digger,Ceilings and Tile LLP,10348400,3988981
287.81,151.71,10/15/2021,BernzOmatic 2 piece pencil flame torch kit,International Exchange Inc.,94215000,3988789
281.37,104.74,06/15/2021,30 In. wallmount fan,Smooth Industries,95515000,3988519
280.95,147.53,04/30/2021,Gal. Bar and chain oil,Woolard Incorporated,82461200,3988422
279.92,59.95,06/30/2021,20 lb. 2% sevin lawn insect granules,Blossom Country Construction,11106100,3988545
277,64.97,11/15/2021,22-ton log splitter,Smooth Industries,95515000,3988861
275.15,12.03,03/30/2021,Bolt hooks,American Trading Company,11229900,3988322
274.78,10.62,12/30/2021,"93 piece 3/8"" & 1/4"" Tool set",Mike and Marsh's Factory,10325300,3988947
273.46,55.37,07/15/2021,Bits,McKinsey and Sons,10838400,3988592
270.62,34.97,12/15/2021,Goldenrod replacement bowl,Marlboro Manufacturing,11316100,3988892
264.81,184.08,07/30/2021,75/25 (C25) Shielding Gas,HHUO Supplies Store,91707300,3988610
261.83,5.38,12/15/2021,Better built ATV Chests,Taggart and Associates,89576500,3988901
255.77,138.84,03/15/2021,PTO driven/rear mounted tiller,Gathering Services,87961200,3988297
253.47,62.25,06/15/2021,"Harper 7"" tampico roofcote brush",Wrist and Ankle Sales,94076500,3988513
253.35,116,01/15/2022,Hinger straps,Sunflower Lane,10286800,3988964
251.5,78.58,01/15/2022,Bolt hooks,Equipment of the Industries,86015000,3988963
247.45,90.9,06/30/2021,2 1/2 Gal. Plastic gas can,Genao Imports,86253500,3988558
246.34,183.05,11/15/2021,Double adjustable box rail bracket,Blossom Country Construction,11106100,3988845
245.6,21.51,04/30/2021,5 lb. bag sun/shade mix,Old Fashioned Hardware,10621500,3988414
245.15,158.01,03/15/2021,Heavy duty garden tripod sprinkler,Genao Imports,86253500,3988306
244.92,62.13,12/30/2021,"5.3 HP, 14 in. Chop Saw",Tool Time Equipment,10664500,3988926
244.7,8.57,09/15/2021,Professional paint/pesticide respirator,Gathering Services,87961200,3988718
243.43,146.47,05/30/2021,Campbell Hausfeld 120 lb. sandblaster,Melissa and Daughters Inc.,82507300,3988482
240.75,88.57,07/15/2021,5 H.P. 80 Gal. Air Compressor,The Mark Stevens Group,82468800,3988595
232.69,161.91,04/15/2021,"1-1/8"" x 60"" aluminum tip threaded handles",Integrated Equipment,10316100,3988365
232.29,64.54,10/30/2021,Carlisle plastic tall kitchen bags,Ferris Wheel Company,10104500,3988811
226.13,64.65,08/30/2021,Scout Utility Vehicle,Hilton Group,84238100,3988663
226.13,39.46,12/30/2021,Respirator,Automobiles International,81968800,3988938
226,23.77,12/30/2021,BPS exterior oil primer,Wrist and Ankle Sales,94076500,3988956
225.23,10.94,04/15/2021,Barn and fence paint brushes,Homemade Hardware,82976500,3988370
225.15,17.63,08/30/2021,Quadivator,BigZoo Technology,89715000,3988667
223.92,82.49,11/15/2021,Solid braid nylon,BigZoo Technology,89715000,3988835
222.37,65.52,10/30/2021,"10,000 BTUs blue flame heater w/legs",Genao Imports,86253500,3988818
222.03,178.03,01/15/2022,Copper rigid pipe,Helamen Crates,97199600,3988978
221.54,86.79,06/15/2021,10' utility strp,Woolard Incorporated,82461200,3988521
219.5,14.66,12/15/2021,BMB farmers bundle,HHUO Supplies Store,91707300,3988915
214.98,165.71,06/15/2021,Monsey baker crack patch,Technology of the United States,79738100,3988514
210.69,169.58,05/15/2021,American ornamental 8' windmill,Sunflower Lane,10286800,3988434
206.06,38.19,08/30/2021,4 x 6 ft. rubber mat,Marathon Company,88268800,3988689
203.65,115,12/15/2021,Grade 2 nuts and bolts,Hilton Group,84238100,3988905
203.1,75.28,12/15/2021,12 oz. cotton summer sheet,BigZoo Technology,89715000,3988909
200.87,93.12,10/30/2021,27-ton log splitter,Automobiles International,81968800,3988804
199.8,170.58,06/15/2021,Double adjustable box rail bracket,Mike and Marsh's Factory,10325300,3988516
196.15,104.71,11/15/2021,Monsey baker crack patch,Universal Entertainment,77115000,3988843
193.04,68.18,06/15/2021,75/25 (C25) Shielding Gas,MIF Manufacturing,94530400,3988496
192.69,29.34,06/30/2021,Bulk grass seed,Atlantic States Steel,80368800,3988530
184.84,53.91,06/30/2021,Swisher Mud Slinger,Perris Wheel Company,97699600,3988557
184.52,161.47,01/15/2022,Legal Services,Happy Homes Law Offices,10338400,3988971
182.21,154.74,12/30/2021,5 in. angle grinder,Perris Wheel Company,97699600,3988931
180.4,151.1,10/15/2021,16 piece wrench set,Hilton Group,84238100,3988791
179.81,24.4,09/15/2021,16 speed laser drill press,HHUO Supplies Store,91707300,3988710
179.72,85.39,08/15/2021,22-ton log splitter,Utility Water and Power,84684200,3988643
179.52,88.53,06/15/2021,"93 piece 3/8"" & 1/4"" Tool set",Mike and Marsh's Factory,10325300,3988504
178.11,24.93,12/15/2021,5 H.P. 80 Gal. Air Compressor,Bell Group,10713800,3988924
175.29,13.04,12/30/2021,Bits,BigZoo Technology,0,3222222
172.23,188.94,10/15/2021,Gal. Pressure washer chemicals,Nutritious Products,91053500,3988797
170.41,65.07,01/30/2022,20 lb. 2% sevin lawn insect granules,Melissa and Daughters Inc.,82507300,3988985
170.04,153.18,08/15/2021,Bulk grass seed,Perris Wheel Company,97699600,3988641
166.66,174.77,07/30/2021,Auto Darkening welding helmet,Universal Entertainment,77115000,3988612
166.65,148.51,12/30/2021,Smith and Wesson Wraparound glasses,Universal Entertainment,77115000,3988937
166.26,36.16,12/15/2021,Hermann Oak complete bridle,Universal Entertainment,77115000,3988917
165.3,129.95,07/15/2021,Center folding aluminum ramp,Equipment of the Industries,86015000,3988568
163.32,14.95,06/15/2021,National cam-action jamb latches,Michael Distribution,76930400,3988515
160.8,41.63,06/30/2021,12-D Handle poly scoops,Homemade Hardware,82976500,3988539
159.98,69.53,09/15/2021,16 piece wrench set,Genao Imports,86253500,3988727
158.59,15.2,01/30/2022,Forged 5-tine manure fork,Homemade Hardware,82976500,3988982
156.05,118,08/30/2021,Fox Tracer LXT,Integrated Equipment,10316100,3988666
147.84,131.7,04/15/2021,"11,000 lb. recessed anchor",Woolard Incorporated,82461200,3988352
147.46,86,09/15/2021,"6"" long nose locking pliers with wire cutters",Utility Water and Power,84684200,3988728
146.01,50.85,06/15/2021,61 piece ratchet driver set,Koro International,95638100,3988505
145.37,105.5,12/30/2021,BernzOmatic 2 piece pencil flame torch kit,Gathering Services,87961200,3988943
144.74,37.06,10/15/2021,Cinches and billets,Ferris Wheel Company,10104500,3988768
143.63,85.48,04/30/2021,10 cu. Ft. dump cart,Woolard Incorporated,82461200,3988413
141.85,73.14,12/15/2021,Heartland schooling helmet,Ceilings and Tile LLP,10348400,3988912
140.45,153.72,12/15/2021,Slime tubeless sealant,Marathon Company,88268800,3988894
139.36,157.42,05/15/2021,Universal ATV 50 in. plow blade,Ceilings and Tile LLP,10348400,3988439
137.02,123.21,02/15/2022,Cinches and billets,Melissa and Daughters Inc.,82507300,3988994
135.59,39.91,05/15/2021,Heavy duty garden tripod sprinkler,Equipment of the Industries,86015000,3988433
134.58,83.22,04/15/2021,Gate latch,Ferris Wheel Company,10104500,3988382
133.53,121.47,01/15/2022,3/16 in. welded GR30 proof coil chain,HHUO Supplies Store,91707300,3988972
132.79,8.29,10/30/2021,"1-1/8"" x 60"" aluminum tip threaded handles",Iron Rod Manufacturing,10999100,3988808
130.9,13.9,01/15/2022,"23,000 BTUs radiant kerosene heater",Hilton Group,84238100,3988962
130.77,113.81,03/30/2021,American lock laminated,Mike and Marsh's Factory,10325300,3988329
130.5,172.18,03/30/2021,"10,000 BTUs blue flame heater w/legs",Bell Group,10713800,3988318
129.42,85.53,11/15/2021,ADS corrugated pipe,Jimmy's Jungle,96738100,3988836
129.13,79.92,07/15/2021,Cinches and billets,Magnetic Company,81030400,3988593
127.73,94.56,04/30/2021,Drain out crystal,Ross Company,93307300,3988397
127.09,63.81,07/15/2021,Absorbine Bigeoil Topical Pain Reliever,Woolard Incorporated,82461200,3988590
126.91,17.22,08/15/2021,Mow 'n Vac lawn vacuum,Mike and Marsh's Factory,10325300,3988648
126.42,87.78,05/15/2021,12 Volt fuel pump,Gathering Services,87961200,3988450
122.33,139.3,04/30/2021,National cam-action jamb latches,Perris Wheel Company,97699600,3988401
118.95,132.35,10/30/2021,Barn and fence paint brushes,Ross Company,93307300,3988813
117.14,82.71,01/15/2022,3/16 In. Galvanized 7x19 aircraft cable,Ceilings and Tile LLP,10348400,3988969
115.35,147.07,11/15/2021,30 In. Pedestool fan,Mississippi Equipment,81222700,3988846
114.26,55.2,07/30/2021,61 piece ratchet driver set,Bell Group,10713800,3988619
112.17,96.21,07/15/2021,Galvanized grade 8 nuts and bolts,Homemade Hardware,82976500,3988575
109.79,62.11,07/30/2021,5 piece pry bar set,Tool Time Equipment,10664500,3988621
106.64,10.77,05/15/2021,Spare tire mount,Automobiles International,81968800,3988445
105.01,185.19,11/30/2021,Scout Utility Vehicle,Homemade Hardware,82976500,3988881
104.59,117.97,11/15/2021,"11,000 lb. recessed anchor",Tool Time Equipment,10664500,3988852
100.17,149.24,07/15/2021,Curb Chains,Marlboro Manufacturing,11316100,3988587
97.61,51.14,08/15/2021,"Cub Cadet 20 HP/44"" Cut Z-force mower",Black and Blue Steel,83684200,3988660
97.36,4.38,07/30/2021,"6"" long nose locking pliers with wire cutters",Iron Rod Manufacturing,10999100,3988617
96.25,159.64,10/30/2021,Hinger straps,McKinsey and Sons,10838400,3988823
95.16,86.79,04/15/2021,100 lb. propane cylinder,Blossom Country Construction,11106100,3988376
94.82,21.26,10/30/2021,Bolt hooks,Old Fashioned Hardware,10621500,3988822
94.21,10.65,05/15/2021,110V Electric gear pump,Mississippi Equipment,81222700,3988447
87.42,9.65,04/30/2021,48 oz. Briggs and Stratton lawnmower oil,Marathon Company,88268800,3988421
85.87,128.39,08/30/2021,"1,700 lb. pull winch",Blossom Country Construction,11106100,3988677
83.96,126.01,08/15/2021,"11,000 lb. recessed anchor",Bell Group,10713800,3988634
83.36,35.69,12/15/2021,Wheel well tool boxes,International Exchange Inc.,94215000,3988903
81.66,41.47,09/15/2021,Ear muff,Iron Rod Manufacturing,10999100,3988717
81.15,58.54,09/15/2021,Arc Welding value pak,Ross Company,93307300,3988722
81.12,151.49,06/30/2021,"Cub Cadet 20 HP/44"" Cut Z-force mower",Gathering Services,87961200,3988549
79.87,103.59,08/15/2021,10 cu. Ft. dump cart,American Trading Company,11229900,3988638
76.53,170.42,06/15/2021,"15,000 lb. binder",Magnetic Company,81030400,3988524
74.86,166.9,03/30/2021,Copper rigid pipe,Magnetic Company,81030400,3988337
71.34,17.72,03/30/2021,All rust remover,Gathering Services,87961200,3988317
69.4,136.97,03/15/2021,20 lb. 2% sevin lawn insect granules,MIF Manufacturing,94530400,3988304
66.7,70.72,12/30/2021,Carlisle plastic tall kitchen bags,Woolard Incorporated,82461200,3988952
65.25,3.62,09/30/2021,12 Volt fuel pump,Old Fashioned Hardware,10621500,3988739
64.77,184.37,05/15/2021,Forged 5-tine manure fork,Taggart and Associates,89576500,3988428
52.25,155.2,05/15/2021,Champion trailblazer battery 34R,Blossom Country Construction,11106100,3988446
51.7,131.79,07/15/2021,Combination shoe puller/spreader,Universal Entertainment,77115000,3988579
47.7,15.61,09/30/2021,Champion trailblazer battery 34R,Marlboro Manufacturing,11316100,3988735
44.66,46.66,09/30/2021,110V Electric gear pump,Smooth Industries,95515000,3988736
44.45,22.31,01/30/2022,American ornamental 8' windmill,Blossom Country Construction,11106100,3988988
43.63,166.81,07/15/2021,Absorbine veterinary liniment,Old Fashioned Hardware,10621500,3988591
39.02,48.29,11/30/2021,Mow 'n Vac lawn vacuum,Magnetic Company,81030400,3988866
37.86,101.33,07/15/2021,Bolt on utility trailer jack,Hilton Group,84238100,3988567
36.28,135.3,08/15/2021,Hose reel cart,Old Fashioned Hardware,10621500,3988654
34.34,169.93,03/15/2021,BPS mildew resistant oil paint,Michael Distribution,76930400,3988292
34.1,26.78,12/30/2021,"10,000 BTUs blue flame heater w/legs",Black and Blue Steel,83684200,3988959
33.73,180.65,06/30/2021,Pasture mix,Hilton Group,84238100,3988531
31.08,106.92,08/30/2021,2 1/2 Gal. Plastic gas can,Nutritious Products,91053500,3988669
30.34,4.05,07/15/2021,Goldenrod fuel tank filter,The Mark Stevens Group,82468800,3988562
29.19,17.54,10/30/2021,BPS exterior oil primer,Celestial Exchange,77953500,3988815
28.73,61.23,06/30/2021,Scout Utility Vehicle,Tool Time Equipment,10664500,3988552
25.84,64.98,03/30/2021,"Harper 7"" tampico roofcote brush",International Exchange Inc.,94215000,3988342
24.88,101.39,10/30/2021,Clevis grab hooks zinc plated,Atlantic States Steel,80368800,3988830
20.54,178.51,11/15/2021,10' utility strp,Bell Group,10713800,3988850
19.58,115.19,11/30/2021,Contractor duty open back shovel,Hilton Group,84238100,3988873
18.8,121.77,10/15/2021,5 lb. bag sun/shade mix,Homemade Hardware,82976500,3988799
18.68,143.74,04/30/2021,Copper rigid pipe,Melissa and Daughters Inc.,0,3988407
17.16,145.79,09/15/2021,Campbell Hausfeld 120 lb. sandblaster,Ceilings and Tile LLP,10348400,3988707
11,183.5,09/30/2021,Better built ATV Chests,Atlantic States Steel,80368800,3988747
8.15,96.41,04/15/2021,"12"" metal dust pan",BigZoo Technology,89715000,3988366
0.78,147.19,12/15/2021,Cinches and billets,Iron Rod Manufacturing,10999100,3988922
0.7,141.79,04/15/2021,32 gal. galvanized garbage can,Jimmy's Jungle,96738100,3988367
